ID_Position	Sequence_IUPAC_Plus	SimilarBlocks	Function	Gen1	Gen2	Gen3	Gen4	Gen5	Gen6
0:0:12	GYMsCMymSVSGA	.	9	1	1	0	0	0	0
0:13:32	RTYRKaGATCGTKvWSKYR	4:154668:154681;4:303692:303708;0:158346:158360;0:13:32	6	1	1	0	0	1	1
0:33:43	TWVKDwCARSC	.	7	0	0	0	0	0	0
0:44:60	RSCTKWaTsYWVTWWhW	0:83969:83984;4:62014:62034;3:88903:88913;4:45034:45045;4:139384:139402;0:44:60;1:257950:257969	6	0	0	1	1	0	0
0:61:71	gGTRMaGcKAR	.	1	0	0	0	0	1	0
0:72:92	CVHGGCRGMWDWCTSGSARWK	.	0	1	0	1	0	1	1
0:93:103	TRWCNAVTTAA	1:189562:189579;0:86813:86828;0:93:103;4:159926:159945;3:121634:121648	1	0	1	0	0	0	1
0:104:119	SCWAWGGrTbGDKTNK	3:295991:296001;2:109183:109201;4:267809:267821;3:163667:163687;0:104:119;0:245788:245803;2:285262:285283	6	0	0	1	1	0	1
0:120:131	MTHWATGrAARR	1:34784:34798;1:197557:197574;0:164303:164319;0:120:131;4:196857:196869	4	1	0	0	1	1	0
0:132:149	TWTCaCYTGASMGTCAAS	.	1	0	1	1	1	0	0
0:150:162	BRMYSRaSWMVcV	.	9	0	1	0	1	1	0
0:163:182	SKKKTgSCcAATTCCWAhAW	3:7994:8014;1:109581:109601;3:269405:269418;1:21928:21940;2:283980:283998;0:163:182;4:5265:5281	7	1	0	0	0	1	1
0:183:196	YTCWsASSyaCsMM	1:173420:173435;2:109122:109138;0:304236:304256;2:41158:41177;3:152112:152123;4:147018:147031;0:183:196	6	1	1	1	0	1	0
0:197:210	HBTaTRGWMGRYCT	2:110632:110643;0:197:210;4:37929:37949;4:56410:56428	8	0	0	1	0	0	1
0:211:232	AMANAAGRMhRSMSgTRTMAt	0:153861:153871;1:203181:203196;0:236914:236935;0:211:232;2:275889:275909;0:312636:312646	2	0	1	1	1	0	1
0:233:248	RMACDNGYTAMSTGYN	3:202700:202716;1:43459:43479;0:251496:251515;3:198952:198968;3:250143:250161;0:233:248	5	0	1	1	1	0	0
0:249:268	AYamNMGKYTWcCCAGAAcT	0:229629:229649;2:81948:81964;1:166005:166019;0:6698:6718;0:249:268	2	1	0	1	1	1	0
0:269:282	SDNGgWTSVGVwGM	4:112649:112665;3:113923:113941;3:7021:7041;0:269:282;3:230773:230791	9	1	0	1	0	0	1
0:283:294	RrAAtSATAAAT	0:208367:208384;0:283:294;3:110495:110505	6	1	0	0	0	0	0
0:295:307	CTGCWRCTTGcTM	0:295:307;3:174051:174070;1:232352:232367;3:294635:294647	3	0	1	0	0	1	1
0:308:319	ADMNGCNCTCCA	.	2	1	1	1	1	1	0
0:320:333	mMVSRAYBGyMRAH	2:24250:24265;0:320:333;3:149807:149824;4:71364:71377;3:266343:266357	2	1	0	0	1	1	1
0:334:344	YAKGACNaYWT	.	8	1	1	0	1	1	1
0:345:359	yYATASCTTATCGCC	.	9	1	0	0	1	1	1
0:360:372	AtKKHYYmWCTwC	3:105432:105445;0:360:372;0:99503:99514	4	1	0	1	1	1	0
0:373:391	KTTCGCYTVDGAARGSyGM	1:253366:253381;4:178555:178574;1:89596:89607;0:373:391;4:141697:141712	8	0	1	1	0	0	0
0:392:407	TTKKTMYYAWYTRRcV	0:392:407;1:76320:76336;2:170846:170860;0:49448:49468	2	0	1	1	1	0	1
0:408:428	CwMYHCWANTGGDtRMNRmMW	.	5	1	1	0	1	1	0
0:429:447	mCGMTRKTktCASKWKNtr	.	7	0	1	1	1	1	1
0:448:462	cWMTrGSSrDYHHaA	.	5	1	1	1	1	1	1
0:463:473	gYACCgSYSBW	4:63695:63713;0:463:473;2:72450:72468	6	1	1	0	1	1	1
0:474:489	cRATGrCRTSTTTMGK	2:204392:204406;0:94858:94874;2:15942:15961;1:203000:203013;0:474:489	4	1	0	0	0	1	1
0:490:509	BGAVTMMHDGCACSSGATC	2:113546:113562;3:139841:139857;0:311933:311952;0:490:509	2	1	0	1	1	1	0
0:510:529	TWKAAYKAyGWCRGRyWVHK	.	3	0	1	1	0	1	1
0:530:550	MGKCTSMRKGCrARTTSWsNG	.	8	0	1	1	1	1	0
0:551:567	GDCTDmRYYAgANMGGT	.	6	1	0	0	0	0	1
0:568:582	GKDWYTTTmRMAKAA	.	5	0	1	1	1	0	0
0:583:598	NTGCTySGRYGARMHR	.	2	0	1	1	1	1	1
0:599:617	TBgMKSAABCBRSCAwSMA	0:180704:180724;3:114819:114840;0:599:617;0:39721:39738;0:150163:150184;4:303858:303869;4:321941:321956	4	1	1	1	1	1	0
4:329622:329643	MNTGAgNVAACSGAHDCgGTS	4:329622:329643;4:130276:130287;2:57401:57417;3:251950:251970	4	1	0	0	0	1	0
