#Chromosome	FeatureStart	FeatureStop	Sequence_IUPAC_Plus	SimilarBlocks	Function	Gen1	Gen2	Gen3	Gen4	Gen5	Gen6
0	0	14	CYRCAATAGMWABC	.	9	0	0	0	1	0	1
0	14	25	CYTYDCAGsAG	3:118:129;3:1170:1187;3:753:772;0:14:24;1:701:722;2:738:752;4:1519:1532	9	1	1	1	0	1	1
0	25	40	AVgAcKCgGDGaSMW	.	0	1	1	0	1	0	1
0	40	56	ARGMGwHtCGYGCGWR	.	4	1	0	1	0	1	1
0	56	75	CTAGTASMVYtaYRbhCnK	0:56:74;4:976:986;3:482:502;0:849:860;1:466:477;2:294:308	7	1	1	1	0	0	1
0	75	96	RTTTGAHTSWsTtDGbWBTSS	.	9	1	1	1	0	1	1
0	96	109	VNANCMCWCvTSa	4:737:753;0:96:108;4:581:595;1:1284:1296	4	0	0	1	1	0	1
0	109	122	HYBCTAMRGWGTK	4:480:493;4:909:923;2:1545:1556;0:109:121;2:511:528;0:1079:1097;1:216:227	8	0	0	0	0	0	1
0	122	135	MRKGRARcgYMWG	1:67:80;0:122:134;1:1023:1042;2:584:596;1:421:437;2:1512:1528;2:1184:1196	3	0	1	1	0	1	1
0	135	153	aYRSGRCBtVACTGAMKk	.	1	0	1	0	0	1	0
0	153	167	BTVaWKCMCGWCgK	3:705:721;2:1006:1027;3:1093:1111;0:153:166;3:77:91;4:1146:1158	9	0	1	1	0	1	1
0	167	180	KvTRRTCWCWRdc	.	8	1	0	0	1	1	1
0	180	192	RBKAKAGsCCtA	1:169:181;0:180:191;1:947:962;3:503:518	7	0	0	0	1	0	1
0	192	214	RARMSCCTSTvCVWACMWGGW	3:1260:1279;1:539:560;2:628:638;3:130:144;0:192:213;2:1368:1385	7	0	1	0	1	0	0
0	214	236	TWASWRBtAGSVWYKGTrTKAS	.	4	0	0	0	1	1	0
0	236	253	TKCYtCYRGCGRSGBMT	.	0	0	0	1	0	1	1
0	253	273	BWTaGCSCKGGSHTMTGAAy	.	6	0	1	1	1	1	1
0	273	287	kAswNSMKGTKCKK	.	6	0	0	1	0	1	1
0	287	299	BATACMGWTTgY	.	6	1	0	1	1	1	1
0	299	311	AGTCSAcVYTmA	4:453:464;0:299:310;3:279:295;2:1063:1073	2	0	1	0	1	0	1
0	311	322	GASAAVMGTCC	.	0	1	0	1	0	1	1
0	322	336	MaTCkMsCAMASTM	0:322:335;3:201:215;2:1319:1329;1:1098:1119;2:1495:1511	3	0	0	1	0	0	0
0	336	357	VYRWAWCKMTGgSADYRYRCR	.	3	0	0	0	1	1	0
0	357	369	RCsAYNKVTGST	.	5	1	0	0	1	1	0
0	369	382	kWMTWGCKTGAHK	2:1173:1183;0:369:381;1:1440:1451;3:738:752;2:1028:1048;3:1188:1204	5	1	1	1	0	0	1
0	382	398	RRAaMWYgSMCAYSGH	.	0	0	1	1	0	0	1
0	398	414	CTGTMCRHCAYGCMMA	.	7	1	0	1	1	0	1
0	414	436	RGSGWGWGCgSRKmTSRSGGTG	.	9	0	1	1	1	0	0
0	436	452	YKgKWRMKGCcSTACY	.	2	1	1	0	0	0	1
0	452	465	CTGAWYGTSWRYC	.	2	0	1	0	0	1	0
0	465	481	MTHYYMcWARNtMccW	.	7	0	1	1	0	1	1
0	481	501	SCAAYAYgYWAASHsSCKrR	.	2	0	1	1	1	0	1
0	501	519	NGASrWCGBGMGSKTCGY	.	7	1	0	1	1	1	0
0	519	532	GTRMGASMCRMYR	.	4	0	1	0	0	1	1
0	532	550	RCTGTNRAACcYCDNWTT	.	2	0	1	1	1	1	1
0	550	562	TGAgWCSGYRAA	3:1218:1237;1:1483:1499;1:1415:1426;4:1364:1376;3:296:317;4:1443:1458;0:550:561	1	1	0	0	0	1	1
0	562	578	GCTRwGgAcWcRAKBG	.	8	0	0	1	0	0	0
0	578	595	CkTSTyMCSGRRRKRSG	.	4	1	1	1	0	0	1
0	595	610	kYWGGTTBRAKCScC	2:113:133;0:595:609;3:658:673;2:99:112;4:946:962	8	0	0	1	1	1	0
0	610	628	GMCMCWwACYCCmYtGAT	.	0	1	0	0	1	0	0
0	628	650	GVMGTrCHGtTTGCCANRSgCC	.	9	1	1	0	1	1	0
0	650	667	TVCMCVCAYWCWaKSCW	3:318:331;0:650:666;4:421:441;2:1405:1423;4:241:252;2:970:990;0:1463:1477	4	0	0	0	0	1	0
0	667	685	SRRTAATASCTGTKaWWW	3:1431:1442;3:1311:1323;1:1043:1061;0:667:684;2:401:416;3:266:278;1:1349:1360	0	0	1	1	1	0	0
0	685	705	WGCWRWRMWSWMYWMYKAWW	.	0	1	0	1	0	0	0
0	705	727	GBTdRNTYDtSgTSWRCYBCAW	.	5	0	0	0	1	1	1
0	727	745	CCGTCYTKTCWRWNAMcC	0:727:744;1:1086:1097;1:590:611;2:616:627;1:776:789;2:1119:1135;4:213:224	8	1	0	0	0	1	0
0	745	761	tACArSYcAMSHYVaG	.	9	1	1	1	1	1	0
0	761	778	yCRHrWYYGAGYGMSAM	0:761:777;2:464:478;4:271:281;2:379:400	6	0	1	0	1	0	0
0	778	794	CCRCYkRCWCAYSGCG	4:164:180;3:216:228;1:511:526;0:778:793;2:551:564;3:1577:1597	3	1	0	1	1	1	1
0	794	809	CtHCgATSAWTHNA	0:794:808;0:1259:1271;3:1081:1092;2:782:792;3:626:638	1	1	0	1	1	1	0
0	809	826	BAWGKCVSTtGYMGCWk	.	8	0	0	0	0	0	0
0	826	838	GCADWSTRDWCT	4:181:196;1:1513:1532;2:1074:1087;4:1180:1190;0:826:837	3	1	0	0	0	1	0
0	838	849	WTYCCcKACYT	.	6	1	1	1	0	0	1
0	849	861	CTGTSVYYRbGK	0:56:74;4:976:986;3:482:502;0:849:860;1:466:477;2:294:308	9	1	1	1	1	0	1
0	861	881	MTMMAWKSWRCCAaCsaWa	2:880:897;3:564:576;1:637:651;1:1297:1313;4:543:560;2:540:550;0:861:880	3	0	0	1	1	1	0
0	881	903	MTMMAWKSWRCCAaCsaWa	.	4	0	0	0	0	0	1
0	903	921	SAACWMMSSCbhKCRRMG	.	8	1	0	0	0	0	1
0	921	937	WcDaAKAmCMNKTMwB	.	9	0	1	1	0	1	0
0	937	951	TYSMnKWDAWTCTG	.	9	1	1	1	0	0	1
0	951	963	YRMGGTCYMCWC	.	3	1	1	0	1	1	1
0	963	982	GmGDTACCyABRKaCATCc	.	5	1	0	1	0	0	1
0	982	996	WGYMACWCGWAKWK	.	7	0	1	1	0	0	0
0	996	1014	KyWWCCGCYCrKRAYRWG	.	1	0	1	1	0	0	1
0	1014	1026	KKCSaGaSCTTA	.	2	1	0	0	0	0	1
0	1026	1048	aKTVTGMyMGtYGSSGAMTvGW	.	6	0	0	1	0	1	1
0	1048	1065	CACCCWKNRACAGWSGS	.	8	0	1	1	1	1	0
0	1065	1079	CWTkRWARATGWgK	.	1	0	0	1	1	0	1
0	1079	1098	HYBCTAMGRGGRWGYTWK	4:480:493;4:909:923;2:1545:1556;0:109:121;2:511:528;0:1079:1097;1:216:227	4	0	1	0	1	0	0
0	1098	1111	CKmWSKRRCSAGC	.	5	1	1	0	0	0	1
0	1111	1122	cWCyGtKVGTG	0:1111:1121;4:719:736;1:1153:1170;2:1049:1062;4:298:317;1:345:363;4:987:1002	3	1	1	1	1	0	0
0	1122	1142	ACRMCSYtTtsgRKMGSRc	3:577:595;2:1450:1460;2:1435:1449;3:854:867;2:134:150;0:1122:1141	3	0	0	0	0	0	1
0	1142	1157	AKGTrSSrGRhTAKT	.	1	0	0	0	0	1	1
0	1157	1169	KGHAMCTACRaH	.	5	1	1	1	0	1	0
0	1169	1183	RRWTBATRTKKTAk	.	3	0	1	1	1	1	0
0	1183	1198	kKCACAYWSTKMGSC	.	4	0	1	0	1	0	0
0	1198	1212	MSBAATYSTRTAWk	0:1198:1211;0:1226:1244;0:1383:1401;1:38:52	1	0	1	0	1	0	0
0	1212	1226	AAYCCTgYWGGWKK	3:1443:1461;0:1212:1225;2:708:723;2:417:429;3:722:737	5	0	1	1	0	0	1
0	1226	1245	MSGBAATYSTTRTAWykC	0:1198:1211;0:1226:1244;0:1383:1401;1:38:52	1	0	0	0	0	0	1
0	1245	1259	YRGCKGDkBSyYSG	0:1245:1258;1:1585:1599;2:1611:1627;1:963:974	6	1	0	1	0	0	0
0	1259	1272	tHCgATSAWTHNA	0:794:808;0:1259:1271;3:1081:1092;2:782:792;3:626:638	3	1	1	1	1	1	0
0	1272	1293	GCKAADYCWGCmNRCRTACrH	.	1	1	1	1	1	0	1
0	1293	1315	aAtNGRHcMCaGAYSgWKmCGG	.	9	1	1	0	1	0	1
0	1315	1334	TYGTTMAACRgDWNGDBKM	.	6	1	1	0	0	0	0
0	1334	1351	AwRKcYHNSCCGGnTTM	.	0	0	1	0	0	1	0
0	1351	1370	RCNcmyRGKTAAWATGWGC	1:1120:1140;3:1280:1295;0:1351:1369;3:1017:1035;1:364:381	4	1	0	0	1	1	0
0	1370	1383	AAAKGgCTYSYKc	4:399:420;3:904:915;4:891:908;3:31:46;0:1370:1382	8	1	1	1	0	1	0
0	1383	1402	MSGBAATYSTTRTAWykC	0:1198:1211;0:1226:1244;0:1383:1401;1:38:52	3	1	1	0	0	0	0
0	1402	1418	sGWDCtRrWASgCTTG	4:613:633;1:1262:1283;0:1402:1417;4:1248:1261;4:494:506	3	0	1	1	0	0	0
0	1418	1430	STTGSgMTHARR	.	4	1	1	0	1	0	0
0	1430	1443	cRRCBCRTGCGSA	3:1337:1351;4:1059:1078;4:596:612;0:1430:1442;2:1529:1544;4:1459:1480	4	1	1	1	1	1	1
0	1443	1463	GcVMMGWSTWCYNCACAKRt	.	0	0	1	0	1	1	1
0	1463	1478	TVCMCAYCTaKYSSW	3:318:331;0:650:666;4:421:441;2:1405:1423;4:241:252;2:970:990;0:1463:1477	4	0	1	1	1	1	1
0	1478	1493	GCmASCAAATGcKYG	1:139:155;2:529:539;1:1452:1468;3:104:117;0:1478:1492;3:229:243	5	1	1	1	0	1	0
0	1493	1507	TgAYAWKBCGrCKS	.	8	1	1	1	0	1	0
0	1507	1522	HCGGRmAADArASGY	.	5	1	1	0	1	1	0
0	1522	1542	ACCWWCgBTCWYVAgYKRWS	.	5	0	0	1	0	1	1
0	1542	1553	gwVMYCGVWCA	.	6	1	1	0	1	1	1
0	1553	1574	VGGWAMtSkCMHmGAHGMYG	3:1366:1382;0:1553:1573;3:1399:1418;3:1112:1131;2:309:324	2	0	0	1	1	1	1
0	1574	1593	SAGMTWRCYCVYASDCKAD	0:1574:1592;1:1004:1022;2:650:670;4:803:821	3	0	0	0	0	0	1
0	1593	1614	CWBRTMAYTRATTSAWgAWSW	.	8	1	0	1	0	0	0
0	1614	1630	YNGGAgWGWAsATTSW	.	3	0	0	0	1	0	1
1	0	19	TSSGAYBWGATACYSCwkC	.	1	1	0	0	1	1	1
1	19	38	TWAAMaKTSBWKNvTYGdR	.	8	0	0	1	1	0	0
1	38	53	SGBATYSTTRTAWkC	0:1198:1211;0:1226:1244;0:1383:1401;1:38:52	4	1	0	1	0	1	1
1	53	67	YGYKSCSAMGCGNT	.	7	1	1	1	1	0	0
1	67	81	TMKGGRARcgYMGW	1:67:80;0:122:134;1:1023:1042;2:584:596;1:421:437;2:1512:1528;2:1184:1196	8	0	1	1	0	1	1
1	81	101	AGMCSBSTKWCMAGBaYKGY	.	5	0	1	0	0	1	1
1	101	121	MTWANCYACTTVCNCAGHCS	.	2	1	1	1	1	1	1
1	121	139	RSHCRTWVMAKKGMSWST	.	6	1	0	1	1	1	0
1	139	156	GCmASCAAATGMcKYG	1:139:155;2:529:539;1:1452:1468;3:104:117;0:1478:1492;3:229:243	1	0	0	0	0	0	1
1	156	169	GSrwVTYYTCCtV	.	4	1	1	0	1	1	0
1	169	182	YRBAKAGYsCCtA	1:169:181;0:180:191;1:947:962;3:503:518	2	1	0	0	0	0	1
1	182	200	KSRMGYKTKNAKCCCbCT	.	9	0	0	0	1	1	1
1	200	216	KSCRYMTAaKSAMWKS	.	3	1	0	1	1	1	1
1	216	228	HYBCTGGRWGTW	4:480:493;4:909:923;2:1545:1556;0:109:121;2:511:528;0:1079:1097;1:216:227	8	0	1	1	1	1	1
1	228	249	CGtCCBCMcSTRAGYTTAcRM	.	1	1	1	0	1	1	0
1	249	262	ATCATTrCWTGCY	1:275:289;1:249:261;4:654:671;1:1394:1414	3	0	0	1	0	1	1
1	262	275	AgwGGCDTCCMSw	.	7	0	0	1	0	0	0
1	275	290	AYCKATKTrCWGCNY	1:275:289;1:249:261;4:654:671;1:1394:1414	5	0	1	1	1	1	0
1	290	312	YAAAMMSTMCCAGYGYCTSAA	1:790:807;1:290:311;1:1190:1203;1:820:841;4:76:86;1:652:664;2:203:224	1	0	0	0	0	1	0
1	312	328	GATCRGGSWWCRGTTT	.	8	1	1	1	0	1	1
1	328	345	ANAAKSKTWnWAWGCTM	.	9	1	0	0	0	1	0
1	345	364	cWbCyGStKVGKGSGGTTG	0:1111:1121;4:719:736;1:1153:1170;2:1049:1062;4:298:317;1:345:363;4:987:1002	7	1	0	0	1	0	0
1	364	382	RCNcmyRGKTAWATGWGC	1:1120:1140;3:1280:1295;0:1351:1369;3:1017:1035;1:364:381	0	0	1	1	0	0	0
1	382	402	MTTRRWRWAtGSmgYYmTDM	.	3	0	0	0	1	1	0
1	402	421	SYRGCCKMyTWStRACWA	3:183:200;3:549:563;1:402:420	2	0	1	0	1	1	1
1	421	438	WTMRKGGRRcYMMGWGW	1:67:80;0:122:134;1:1023:1042;2:584:596;1:421:437;2:1512:1528;2:1184:1196	8	0	1	0	0	1	1
1	438	451	CRATACNcAYBTS	.	9	0	0	0	1	1	1
1	451	466	THYSSyTCWTCCDWT	.	5	1	1	1	0	0	1
1	466	478	CTGTSYtYbnGK	0:56:74;4:976:986;3:482:502;0:849:860;1:466:477;2:294:308	8	0	0	1	1	0	1
1	478	489	KTwSMAbTMTT	.	7	1	0	0	0	0	0
1	489	511	YAGAKBTSRDRRCKSGTTTYCC	.	1	0	0	0	1	0	1
1	511	527	CCRYAkBGRWCYSGCG	4:164:180;3:216:228;1:511:526;0:778:793;2:551:564;3:1577:1597	8	0	0	1	0	0	0
1	527	539	YSCRANBtmTGW	.	3	1	0	0	0	1	1
1	539	561	RARMSCCTSTvCVWACMWGGW	3:1260:1279;1:539:560;2:628:638;3:130:144;0:192:213;2:1368:1385	1	0	0	1	0	1	0
1	561	574	MRGKYRSDGKCMG	.	0	1	0	1	1	1	1
1	574	590	RGRMCTWVGDGWDSAR	.	9	1	0	0	1	1	1
1	590	612	CTCGTCYTKTCWRWYNAMKcC	0:727:744;1:1086:1097;1:590:611;2:616:627;1:776:789;2:1119:1135;4:213:224	6	1	0	1	0	1	0
1	612	626	CYGMRTWTGMKAYS	.	7	1	0	1	0	0	0
1	626	637	SSkTAGKCtKT	.	4	0	0	0	0	1	1
1	637	652	MTMAKSWRCACsaWa	2:880:897;3:564:576;1:637:651;1:1297:1313;4:543:560;2:540:550;0:861:880	3	0	1	0	0	0	0
1	652	665	AASTCGYGYCTAA	1:790:807;1:290:311;1:1190:1203;1:820:841;4:76:86;1:652:664;2:203:224	3	0	1	1	0	1	0
1	665	679	sSGGHSGGTkAAAG	.	0	1	0	1	0	1	1
1	679	701	TCRTCSSTKCYrCMTNGWGGGR	.	1	1	0	0	0	0	0
1	701	723	CYTYCDYAVCCAGGTNsSAMG	3:118:129;3:1170:1187;3:753:772;0:14:24;1:701:722;2:738:752;4:1519:1532	6	0	0	1	1	0	0
1	723	745	CBAvYAKCTDBHMAMCCHVADC	.	5	1	0	0	0	0	0
1	745	761	WWTYGGYgCTASCYrC	.	5	1	1	1	0	0	0
1	761	776	tTaATCAMYKWTKsa	.	1	1	1	1	0	1	1
1	776	790	CCGCTCWWYNAMKc	0:727:744;1:1086:1097;1:590:611;2:616:627;1:776:789;2:1119:1135;4:213:224	1	1	0	0	0	1	1
1	790	808	YAAAMMSTMCGYGYCTAA	1:790:807;1:290:311;1:1190:1203;1:820:841;4:76:86;1:652:664;2:203:224	6	1	1	1	1	1	1
1	808	820	STNATwCSyAAG	.	4	0	0	1	1	1	0
1	820	842	YAAAMMSTMCCAGYGYCTSAA	1:790:807;1:290:311;1:1190:1203;1:820:841;4:76:86;1:652:664;2:203:224	3	1	1	1	1	0	1
1	842	853	MTRMMGtCgWG	.	3	0	0	1	0	1	0
1	853	875	YGYRADTtMdDAKCMMAAGYGA	.	2	1	1	0	0	1	1
1	875	891	SVMGKSAGrGSCTGkS	.	1	0	1	0	1	0	1
1	891	906	YGYRAAActTDTCTk	.	8	0	1	0	0	0	0
1	906	927	CmARYKWYACmCnCSHKcTGr	.	5	1	0	0	0	0	0
1	927	947	RDCGRTWtSMTGTVGMTWGC	.	8	0	1	0	0	0	0
1	947	963	YRBKAKAGYsCYCtA	1:169:181;0:180:191;1:947:962;3:503:518	3	1	1	0	1	1	1
1	963	975	YMRGTKDkBSyY	0:1245:1258;1:1585:1599;2:1611:1627;1:963:974	5	0	0	1	1	0	0
1	975	990	MYTRSNKAAWMACNW	.	8	1	1	0	0	0	1
1	990	1004	KwSYATGRAKTCBG	1:990:1003;3:1002:1016;1:1624:1645;3:1051:1065	0	1	0	1	1	0	0
1	1004	1023	SAGMTWRCYCVASDCGKAD	0:1574:1592;1:1004:1022;2:650:670;4:803:821	8	1	0	1	1	0	1
1	1023	1043	WTMRKGGRARcgYMMGWGW	1:67:80;0:122:134;1:1023:1042;2:584:596;1:421:437;2:1512:1528;2:1184:1196	0	0	1	0	1	1	0
1	1043	1062	SRRTAATASCTGTKaWWW	3:1431:1442;3:1311:1323;1:1043:1061;0:667:684;2:401:416;3:266:278;1:1349:1360	4	0	1	0	1	1	1
1	1062	1074	MTTKBCTDANAK	.	1	1	1	0	0	0	1
1	1074	1086	CMRSAyGSKCVS	.	4	0	0	0	1	0	0
1	1086	1098	CTGYTKTCRWYN	0:727:744;1:1086:1097;1:590:611;2:616:627;1:776:789;2:1119:1135;4:213:224	1	1	1	0	0	0	0
1	1098	1120	MaKTTCkMsCAYAMTASTYMG	0:322:335;3:201:215;2:1319:1329;1:1098:1119;2:1495:1511	1	1	1	1	0	0	0
1	1120	1141	RCNcmyRYGKTAAWATGWGC	1:1120:1140;3:1280:1295;0:1351:1369;3:1017:1035;1:364:381	0	0	0	1	1	0	1
1	1141	1153	sSKVCCAgaMTR	.	1	1	1	1	0	0	1
1	1153	1171	WbCyGStKVGKGSGGTTG	0:1111:1121;4:719:736;1:1153:1170;2:1049:1062;4:298:317;1:345:363;4:987:1002	2	0	1	0	0	0	0
1	1171	1190	TRKGTKAKsCTATSGKRSG	.	9	1	0	0	1	1	1
1	1190	1204	YAAMSMCGYGYCTA	1:790:807;1:290:311;1:1190:1203;1:820:841;4:76:86;1:652:664;2:203:224	1	0	0	0	1	1	0
1	1204	1223	SRBMRVGGNTGYNAgGAVR	.	4	0	1	0	1	1	0
1	1223	1243	YCKwSWGACMVKSBAYYTTG	.	7	0	0	1	1	1	1
1	1243	1262	KYSHVKGKKKYACATGGMT	.	7	0	0	1	0	0	0
1	1262	1284	sGGYWDCtGRrWADSgCATTG	4:613:633;1:1262:1283;0:1402:1417;4:1248:1261;4:494:506	3	0	0	1	1	1	1
1	1284	1297	VKNANCMWCvTAa	4:737:753;0:96:108;4:581:595;1:1284:1296	1	0	0	1	0	0	0
1	1297	1314	MTMMAWKSWRCAaCsaa	2:880:897;3:564:576;1:637:651;1:1297:1313;4:543:560;2:540:550;0:861:880	8	1	1	0	1	1	0
1	1314	1330	GRSRKGScATHcBGAr	.	6	1	0	0	1	0	0
1	1330	1349	CSCrGTYNWTBACMWGwKY	.	3	0	0	0	0	0	0
1	1349	1361	RRTATACTGaWW	3:1431:1442;3:1311:1323;1:1043:1061;0:667:684;2:401:416;3:266:278;1:1349:1360	8	0	1	1	0	0	0
1	1361	1381	AAWtCMWKDCKRCTTYGCWn	4:1111:1132;4:1096:1110;1:1361:1380;2:1235:1246;3:62:76;3:389:410;3:1547:1561	7	1	0	0	1	1	0
1	1381	1394	MCHCGDVBSKGMT	.	6	0	0	1	1	0	1
1	1394	1415	ATYCKATTYKtTrCWTGCNY	1:275:289;1:249:261;4:654:671;1:1394:1414	4	1	1	1	1	0	1
1	1415	1427	gTKAWCSGYRYR	3:1218:1237;1:1483:1499;1:1415:1426;4:1364:1376;3:296:317;4:1443:1458;0:550:561	7	1	0	0	0	0	0
1	1427	1440	GGGAwRKGGBATA	.	4	0	0	0	0	1	1
1	1440	1452	kWMYWGtTCMHK	2:1173:1183;0:369:381;1:1440:1451;3:738:752;2:1028:1048;3:1188:1204	5	0	1	1	1	1	0
1	1452	1469	GCmASCAAATGMcKYG	1:139:155;2:529:539;1:1452:1468;3:104:117;0:1478:1492;3:229:243	5	0	1	1	1	1	1
1	1469	1483	CMaATGgWTGaWSA	.	3	1	0	1	0	0	0
1	1483	1500	gGgWCSGYGKYRAYART	3:1218:1237;1:1483:1499;1:1415:1426;4:1364:1376;3:296:317;4:1443:1458;0:550:561	2	1	0	0	0	1	0
1	1500	1513	TGrSWAKAMaCMY	.	3	1	0	1	1	1	0
1	1513	1533	GCAADWSATRrDWKCTKMR	4:181:196;1:1513:1532;2:1074:1087;4:1180:1190;0:826:837	2	1	1	1	1	0	1
1	1533	1549	SKgYWWKMATRGDGMS	.	2	0	1	1	0	1	0
1	1549	1571	VCDNWWRKGCKKHGTTCSCStK	.	6	1	0	0	1	0	0
1	1571	1585	CmCTRDCCACAGRA	.	6	0	1	0	1	1	1
1	1585	1600	YMRGCKGDkBSyYSG	0:1245:1258;1:1585:1599;2:1611:1627;1:963:974	8	0	1	0	0	0	1
1	1600	1611	mSWMVYGTACC	.	7	0	0	0	1	1	1
1	1611	1624	ARCcCgCRgKBTC	.	5	1	1	0	1	0	1
1	1624	1646	KBKwCSYATGSRRAGKTWCBG	1:990:1003;3:1002:1016;1:1624:1645;3:1051:1065	8	1	0	1	1	1	1
2	0	19	BHAMMWCCHCKAGSgDYYA	.	5	0	0	1	1	1	1
2	19	37	BHAMMWCCHCKAGSgDYYA	.	3	1	1	0	0	1	1
2	37	50	MMCSASaCCCSTM	.	3	0	0	1	0	0	1
2	50	71	TGYNtgTKTSAgGAGKGAWMR	.	6	0	0	0	0	1	1
2	71	86	ACGSAYMCGcGTTSR	.	8	0	0	0	0	0	1
2	86	99	SRCASKGKRWCCM	.	7	0	1	0	1	0	1
2	99	113	YWGNGTBRKCSMcC	2:113:133;0:595:609;3:658:673;2:99:112;4:946:962	1	1	0	0	1	0	0
2	113	134	kCYMWGVNGTTBRAKCSMcC	2:113:133;0:595:609;3:658:673;2:99:112;4:946:962	9	0	1	1	1	0	1
2	134	151	ACRMSYtTtsgRKMGSR	3:577:595;2:1450:1460;2:1435:1449;3:854:867;2:134:150;0:1122:1141	2	1	1	1	1	0	1
2	151	172	RGGAKSMKCCMSCGAGSSCGC	.	1	1	1	0	0	0	1
2	172	191	GGKSYCKKSTASACMTGAT	.	8	1	1	0	1	0	1
2	191	203	GWAYMTAGATKS	.	0	1	0	0	0	1	0
2	203	225	YAAAMMSTMCCAGYGYCTSAA	1:790:807;1:290:311;1:1190:1203;1:820:841;4:76:86;1:652:664;2:203:224	4	0	1	1	1	1	0
2	225	244	RYGCStkcSCAGAAWCWGM	.	1	0	0	0	1	1	1
2	244	259	GTYKCaTGYGCGSSA	.	5	1	0	1	0	0	1
2	259	274	ATWTCKNAaGDVWGA	.	1	1	0	1	1	1	1
2	274	294	RcKABCHGSRHGKyTgWtTC	.	6	0	1	0	1	1	1
2	294	309	CTGTASMVYYbCnGK	0:56:74;4:976:986;3:482:502;0:849:860;1:466:477;2:294:308	4	1	0	1	1	1	1
2	309	325	VGWAMtSkHGAHGMYG	3:1366:1382;0:1553:1573;3:1399:1418;3:1112:1131;2:309:324	7	0	0	0	1	0	1
2	325	347	THWMMRSDMAMSGCGHaACATR	.	7	1	1	1	0	0	1
2	347	359	CGAAKRCGrGYT	.	5	0	0	1	1	1	1
2	359	379	ARSGWyGCaSTTSdCVmcGK	.	6	0	1	1	0	0	1
2	379	401	yCRHDrWYYGAGYTrGMCSAM	0:761:777;2:464:478;4:271:281;2:379:400	9	0	1	0	1	1	1
2	401	417	SRRTAATSCTGTKWWW	3:1431:1442;3:1311:1323;1:1043:1061;0:667:684;2:401:416;3:266:278;1:1349:1360	4	1	0	0	0	1	0
2	417	430	AAYCgYRGGWWYK	3:1443:1461;0:1212:1225;2:708:723;2:417:429;3:722:737	7	0	1	0	0	0	0
2	430	444	TTMKGMKKCATDCS	.	0	1	0	1	1	1	0
2	444	464	CCWSGTCYCKGKWCkSTWAW	.	2	1	0	1	0	1	0
2	464	479	yRHDYYGAGYrGMSM	0:761:777;2:464:478;4:271:281;2:379:400	1	0	0	1	0	0	0
2	479	498	SASYAYVACRVcGtrAKYc	.	2	1	0	1	1	1	1
2	498	511	GmDKYAHSCWvtC	.	0	1	0	1	0	0	1
2	511	529	HYBCTAMGRGGRWGYTWK	4:480:493;4:909:923;2:1545:1556;0:109:121;2:511:528;0:1079:1097;1:216:227	3	1	1	0	0	1	0
2	529	540	CmASAATGcKY	1:139:155;2:529:539;1:1452:1468;3:104:117;0:1478:1492;3:229:243	4	0	0	1	1	0	0
2	540	551	MMAWKRCCACW	2:880:897;3:564:576;1:637:651;1:1297:1313;4:543:560;2:540:550;0:861:880	1	1	0	0	0	1	1
2	551	565	CRCYkBGCCASCGk	4:164:180;3:216:228;1:511:526;0:778:793;2:551:564;3:1577:1597	2	0	1	1	0	0	0
2	565	584	AANTARGAGBKATSGYTRA	.	3	0	1	0	0	1	0
2	584	597	WTMRKGARcYMMG	1:67:80;0:122:134;1:1023:1042;2:584:596;1:421:437;2:1512:1528;2:1184:1196	5	1	0	0	1	0	0
2	597	616	WRWCVGYMHKCRcCYNMMG	.	7	0	0	1	0	1	0
2	616	628	CTCTYKCRWYNC	0:727:744;1:1086:1097;1:590:611;2:616:627;1:776:789;2:1119:1135;4:213:224	8	1	0	1	0	1	1
2	628	639	MSCCTvVAMWG	3:1260:1279;1:539:560;2:628:638;3:130:144;0:192:213;2:1368:1385	3	0	0	0	0	1	0
2	639	650	GANStyCDARG	.	1	1	1	0	1	1	0
2	650	671	SAGMTWRCYCVYASDCGKAD	0:1574:1592;1:1004:1022;2:650:670;4:803:821	1	1	1	1	0	1	0
2	671	686	TCNSGTCATNCNTSG	.	5	0	1	0	0	1	1
2	686	708	NSCARVMGSGCKhVAANRYCGT	.	0	1	0	1	1	1	1
2	708	724	AAYCCTgYRWGWWYKK	3:1443:1461;0:1212:1225;2:708:723;2:417:429;3:722:737	9	0	1	1	1	1	0
2	724	738	CGGBTWASGMTcTT	.	3	1	0	1	0	0	1
2	738	753	CTYCYAVAGTNsSAG	3:118:129;3:1170:1187;3:753:772;0:14:24;1:701:722;2:738:752;4:1519:1532	4	0	0	0	0	0	1
2	753	765	TRSADAYTYAGV	.	9	1	1	1	1	1	0
2	765	782	GTyRCaCCTTTCYRGGC	.	1	1	0	1	0	1	1
2	782	793	HCgATSWTHNA	0:794:808;0:1259:1271;3:1081:1092;2:782:792;3:626:638	0	1	0	1	1	1	0
2	793	813	SMTGCDHAGHTNTVtRWGYT	.	1	1	0	1	0	0	0
2	813	834	aCCACAKmTSYTGaTGaYTAA	.	3	0	1	1	1	0	0
2	834	849	KKWGYSNCwTTCGYK	.	8	1	1	1	0	1	1
2	849	863	WYYgAmwHDDMTCS	.	5	0	1	1	0	0	1
2	863	880	YAaWARCCASSWKycDS	.	9	1	1	1	0	1	1
2	880	898	MTMMAWKSWRCCAaCsWa	2:880:897;3:564:576;1:637:651;1:1297:1313;4:543:560;2:540:550;0:861:880	9	0	0	1	1	0	0
2	898	910	AGVaTSGTvTTA	.	3	0	0	0	1	0	1
2	910	926	aNWDyYSASTkCATTA	.	7	1	0	1	0	1	1
2	926	945	gTMCGTTYCASTGHCaSAC	.	6	1	1	0	0	0	0
2	945	957	ACAcTYGSRMGc	.	0	0	1	1	0	0	0
2	957	970	GSGYCHMWYDCRV	.	9	1	0	0	0	1	0
2	970	991	TVCMCVCAYWCTWaKYSCSW	3:318:331;0:650:666;4:421:441;2:1405:1423;4:241:252;2:970:990;0:1463:1477	4	0	0	1	0	1	0
2	991	1006	MmWACmWGWATvNAW	.	3	1	0	0	0	0	0
2	1006	1028	ACBTVaWTKCMMCGTAWCGgK	3:705:721;2:1006:1027;3:1093:1111;0:153:166;3:77:91;4:1146:1158	3	1	0	0	1	0	1
2	1028	1049	kWMSTYWGtCWKTCGMYAHK	2:1173:1183;0:369:381;1:1440:1451;3:738:752;2:1028:1048;3:1188:1204	3	1	0	0	0	0	0
2	1049	1063	WbCGStKVGGGGTG	0:1111:1121;4:719:736;1:1153:1170;2:1049:1062;4:298:317;1:345:363;4:987:1002	3	0	0	0	1	0	0
2	1063	1074	AGTSTcVYTMA	4:453:464;0:299:310;3:279:295;2:1063:1073	3	1	0	1	0	0	1
2	1074	1088	GCAADWSTrDCTKM	4:181:196;1:1513:1532;2:1074:1087;4:1180:1190;0:826:837	4	1	0	0	1	1	0
2	1088	1105	YBTYHMTBCWMAMHTAM	.	8	1	0	1	1	1	1
2	1105	1119	KtYWRVmTTSTRWG	.	5	0	0	0	1	0	1
2	1119	1136	CGTCYTKTCWWYNAMKc	0:727:744;1:1086:1097;1:590:611;2:616:627;1:776:789;2:1119:1135;4:213:224	0	0	0	0	1	0	1
2	1136	1157	CdGTWGWCYDVNYSYDCtDMR	.	9	1	0	1	1	0	0
2	1157	1173	YYTtKACWYGMTSCHC	.	8	0	1	0	1	1	1
2	1173	1184	WMTGCKCGYAH	2:1173:1183;0:369:381;1:1440:1451;3:738:752;2:1028:1048;3:1188:1204	4	1	1	1	1	0	1
2	1184	1197	TMRKGGAcYMGWG	1:67:80;0:122:134;1:1023:1042;2:584:596;1:421:437;2:1512:1528;2:1184:1196	7	1	1	0	1	0	1
2	1197	1219	cWBWCTaRSKAGGTASBRsGMR	.	7	0	0	0	0	0	1
2	1219	1235	KAGGcRRYTMWRTTsT	.	3	0	0	0	1	0	1
2	1235	1247	AAWtCMWWKCTY	4:1111:1132;4:1096:1110;1:1361:1380;2:1235:1246;3:62:76;3:389:410;3:1547:1561	1	1	0	1	0	1	1
2	1247	1266	sGKTGTYYMATRCcCAGAT	.	3	1	1	1	1	1	1
2	1266	1278	KMKASTBSAGAR	.	0	0	0	1	0	1	1
2	1278	1300	RCNCtRYMTtMKcACYAAGVAG	.	3	0	1	0	0	0	0
2	1300	1319	TwTwATTTYRACYSNTVGK	.	9	0	0	0	1	1	0
2	1319	1330	aTMsCYAMATG	0:322:335;3:201:215;2:1319:1329;1:1098:1119;2:1495:1511	6	0	0	1	0	1	1
2	1330	1352	mAWAAGWDAWGSAGBAVMmKGW	.	7	1	1	1	0	1	1
2	1352	1368	TKWGABKCMNCSTCRR	.	8	1	0	1	0	0	0
2	1368	1386	RARSCCTSTCVWACMWGG	3:1260:1279;1:539:560;2:628:638;3:130:144;0:192:213;2:1368:1385	0	1	1	0	0	0	1
2	1386	1405	vATHKtRWaTGBYGWNYVT	.	9	0	1	1	0	0	1
2	1405	1424	TVCMCVAYWCTWaKYSCSW	3:318:331;0:650:666;4:421:441;2:1405:1423;4:241:252;2:970:990;0:1463:1477	0	1	0	0	1	0	0
2	1424	1435	wMAAAAAKSRS	.	1	0	0	1	1	1	1
2	1435	1450	CRCSYttsgRKMGSR	3:577:595;2:1450:1460;2:1435:1449;3:854:867;2:134:150;0:1122:1141	1	0	0	1	1	1	1
2	1450	1461	ARSYTsKMGRc	3:577:595;2:1450:1460;2:1435:1449;3:854:867;2:134:150;0:1122:1141	0	1	0	0	1	0	1
2	1461	1473	CTDcCHVDScYT	.	5	1	0	1	0	1	1
2	1473	1495	CTYAMTTCYSTRRGHACDCCvC	.	6	0	1	0	0	1	0
2	1495	1512	MKTTCksCAYAMTATYG	0:322:335;3:201:215;2:1319:1329;1:1098:1119;2:1495:1511	4	0	0	1	1	1	1
2	1512	1529	WTMRKGGRAcgMMGWGW	1:67:80;0:122:134;1:1023:1042;2:584:596;1:421:437;2:1512:1528;2:1184:1196	1	0	0	0	0	0	0
2	1529	1545	kcRRCSBYCSARTRGS	3:1337:1351;4:1059:1078;4:596:612;0:1430:1442;2:1529:1544;4:1459:1480	9	0	1	1	1	0	1
2	1545	1557	HYBCTMGRGGWK	4:480:493;4:909:923;2:1545:1556;0:109:121;2:511:528;0:1079:1097;1:216:227	8	1	0	0	1	0	0
2	1557	1579	TCGSMTCGGYYCACYGCBGtYC	.	9	0	0	0	0	0	0
2	1579	1600	DDGCYYRGCAYCBDWTNVYRG	.	9	0	0	0	1	1	1
2	1600	1611	SKYrKaAWyYK	.	2	1	1	0	1	0	0
2	1611	1628	YMRGCTKGDkBSyYSG	0:1245:1258;1:1585:1599;2:1611:1627;1:963:974	3	0	1	1	0	1	1
3	0	13	WYCYaYASCAHGD	.	7	0	1	0	0	1	0
3	13	31	mGMKGCTCHRWMMaAWAA	.	1	0	0	1	0	0	1
3	31	47	AMKGgCGTSSYKAcMC	4:399:420;3:904:915;4:891:908;3:31:46;0:1370:1382	5	0	1	1	0	1	0
3	47	62	WTKTRGCCWWRAgKa	.	6	1	0	1	1	1	1
3	62	77	WtCWDCRCTTYGCWn	4:1111:1132;4:1096:1110;1:1361:1380;2:1235:1246;3:62:76;3:389:410;3:1547:1561	9	0	0	0	0	1	0
3	77	92	ACTVWTKCMGTCGgK	3:705:721;2:1006:1027;3:1093:1111;0:153:166;3:77:91;4:1146:1158	5	0	1	1	1	0	1
3	92	104	ACTVWTKCMGTCGgK	.	2	1	1	1	0	1	1
3	104	118	GCmASCAAAGcKYG	1:139:155;2:529:539;1:1452:1468;3:104:117;0:1478:1492;3:229:243	8	1	0	0	1	1	1
3	118	130	CYTCYAVCATsG	3:118:129;3:1170:1187;3:753:772;0:14:24;1:701:722;2:738:752;4:1519:1532	0	0	1	1	0	1	0
3	130	145	RARMCCTSTCVWMWW	3:1260:1279;1:539:560;2:628:638;3:130:144;0:192:213;2:1368:1385	5	0	1	1	0	1	1
3	145	165	TKATAcATAgWHAMRSGCRK	.	7	0	1	0	0	0	0
3	165	183	SGGGMATYAVAGATWAW	4:253:270;3:165:182;3:1205:1217;3:428:444	7	1	1	0	0	0	1
3	183	201	SYRGCCKMyTWStRACWA	3:183:200;3:549:563;1:402:420	6	0	0	1	1	0	1
3	201	216	MKTTkMsCAMTASTM	0:322:335;3:201:215;2:1319:1329;1:1098:1119;2:1495:1511	8	1	1	0	1	0	0
3	216	229	CCRABRCWCAGCk	4:164:180;3:216:228;1:511:526;0:778:793;2:551:564;3:1577:1597	0	1	0	0	1	1	0
3	229	244	GCmACAAATGMcKYG	1:139:155;2:529:539;1:1452:1468;3:104:117;0:1478:1492;3:229:243	7	0	1	1	0	0	1
3	244	266	CYCKWCCSBCWMyYWMAYRNCM	.	1	0	0	0	0	1	0
3	266	279	SRRAATGTKaWWW	3:1431:1442;3:1311:1323;1:1043:1061;0:667:684;2:401:416;3:266:278;1:1349:1360	5	0	0	0	0	0	0
3	279	296	AGBTCSTAcVYTTMmA	4:453:464;0:299:310;3:279:295;2:1063:1073	1	1	1	0	0	1	1
3	296	318	gTGGKAgWCSGYGKYRAYART	3:1218:1237;1:1483:1499;1:1415:1426;4:1364:1376;3:296:317;4:1443:1458;0:550:561	9	0	1	1	0	1	1
3	318	332	TCMCAYCWaKYSCW	3:318:331;0:650:666;4:421:441;2:1405:1423;4:241:252;2:970:990;0:1463:1477	5	1	0	0	1	1	0
3	332	347	GYCTTACWGSNstSA	.	2	1	0	0	0	1	1
3	347	359	GCGRHGYYDGTV	.	4	0	1	1	1	0	0
3	359	371	RAkTAATSAGAA	.	5	1	1	0	0	1	1
3	371	389	AAGCrVsYSDKWTKYACB	.	5	0	0	0	0	0	1
3	389	411	AAWtCMWWKDCKRCTTYGCWn	4:1111:1132;4:1096:1110;1:1361:1380;2:1235:1246;3:62:76;3:389:410;3:1547:1561	9	1	1	0	1	1	0
3	411	428	VArNMTYGGGGCGCWGG	.	5	1	0	0	1	1	1
3	428	445	SGGGMATYAVAGATWAW	4:253:270;3:165:182;3:1205:1217;3:428:444	7	0	1	1	0	1	0
3	445	461	CATMTYCBYACAYRCR	.	7	0	0	0	1	1	1
3	461	482	CSmCwNTTaDKYACrATYTYG	.	1	0	0	1	1	1	0
3	482	503	CTAGTASMVYtaYRbhCnGK	0:56:74;4:976:986;3:482:502;0:849:860;1:466:477;2:294:308	5	1	1	1	1	1	0
3	503	519	YRBKAKAGYsCYCtA	1:169:181;0:180:191;1:947:962;3:503:518	7	1	0	1	0	0	0
3	519	538	TMCANATYSCYGRARCTKG	.	2	0	1	0	0	1	1
3	538	549	KGTTCATCSTW	.	9	1	1	1	0	1	0
3	549	564	YRGCCKyTWStRAWA	3:183:200;3:549:563;1:402:420	5	0	1	0	1	1	0
3	564	577	MAKWCCAaCsaWa	2:880:897;3:564:576;1:637:651;1:1297:1313;4:543:560;2:540:550;0:861:880	8	1	0	1	1	0	0
3	577	596	ACRMCSYtTtsgRKMGSRc	3:577:595;2:1450:1460;2:1435:1449;3:854:867;2:134:150;0:1122:1141	9	0	1	1	1	0	1
3	596	608	CAATGCSTTARK	.	7	1	0	1	0	1	0
3	608	626	GGCGGRMCTKMGCWNGWN	.	5	0	1	1	0	1	0
3	626	639	CtHCgATSAWTHA	0:794:808;0:1259:1271;3:1081:1092;2:782:792;3:626:638	4	0	1	1	0	1	0
3	639	658	ACGCGSKGKBRmKYCKTVT	.	0	1	1	1	0	1	0
3	658	674	kYMGVGTTRAKCSMcC	2:113:133;0:595:609;3:658:673;2:99:112;4:946:962	3	0	1	1	0	1	1
3	674	689	DMAWGYTAVCbWCGK	.	1	1	0	1	0	0	1
3	689	705	NAADKVvASTWGGNSK	.	9	1	0	0	1	1	0
3	705	722	ACBTVKMMCGTAWCGgK	3:705:721;2:1006:1027;3:1093:1111;0:153:166;3:77:91;4:1146:1158	8	1	0	1	1	1	0
3	722	738	AAYCCKTgYRWGWWKK	3:1443:1461;0:1212:1225;2:708:723;2:417:429;3:722:737	6	1	1	1	1	0	0
3	738	753	kWSYWGtCWTCGMYK	2:1173:1183;0:369:381;1:1440:1451;3:738:752;2:1028:1048;3:1188:1204	7	1	0	0	1	0	0
3	753	773	CYTYCDYAVCCAGGTNsSMG	3:118:129;3:1170:1187;3:753:772;0:14:24;1:701:722;2:738:752;4:1519:1532	7	0	1	0	0	0	0
3	773	786	YgTANDTRNWTCk	.	8	1	0	0	0	1	0
3	786	799	RAAgRKBTYYSrT	.	6	0	1	0	1	0	0
3	799	810	GaYAYATGWsC	.	6	1	1	1	1	0	0
3	810	829	MKCTtKGGYCGWWTCAACc	.	4	1	0	1	1	1	0
3	829	840	WHTTKTBTWSg	.	6	1	0	0	1	1	0
3	840	854	NNAYGRNTKrwAAV	.	7	1	1	0	1	1	0
3	854	868	RMCSYtTtsKMGRc	3:577:595;2:1450:1460;2:1435:1449;3:854:867;2:134:150;0:1122:1141	6	0	0	1	1	0	0
3	868	882	DAhSGRACCAGGcS	.	2	1	1	0	0	1	1
3	882	904	WGRDCKScYAGTNKCTwAWCGY	.	8	1	1	0	1	0	1
3	904	916	AAAGGDTAcMMC	4:399:420;3:904:915;4:891:908;3:31:46;0:1370:1382	5	0	0	1	1	1	0
3	916	932	AAAGGDTAcMMC	.	7	1	1	0	0	1	0
3	932	947	TCVRRKYBTSTCDGY	.	4	1	1	0	1	1	0
3	947	967	MSYRvCYAMGBSNGACAHAA	.	5	0	1	0	0	1	0
3	967	987	MCKMCRANMRARcwTgHACD	.	6	0	1	1	0	1	1
3	987	1002	gMSMAGADYrBWYMT	.	6	0	0	1	1	1	0
3	1002	1017	KKwCYTGRRAGKTBG	1:990:1003;3:1002:1016;1:1624:1645;3:1051:1065	6	0	0	1	1	0	1
3	1017	1036	RCcmyRYGKTAAWATGWGC	1:1120:1140;3:1280:1295;0:1351:1369;3:1017:1035;1:364:381	5	1	0	1	1	1	0
3	1036	1051	ATWatRRMATGSSWS	.	2	0	1	1	1	1	0
3	1051	1066	KwSAGSRRAGKTCBG	1:990:1003;3:1002:1016;1:1624:1645;3:1051:1065	6	0	1	0	1	1	0
3	1066	1081	tKWGRCATKgtYWNB	.	9	1	1	1	1	0	1
3	1081	1093	CtHCgATAWTNA	0:794:808;0:1259:1271;3:1081:1092;2:782:792;3:626:638	9	1	0	0	1	0	0
3	1093	1112	ACBTVaWTKMMCGTWCGgK	3:705:721;2:1006:1027;3:1093:1111;0:153:166;3:77:91;4:1146:1158	6	0	0	0	0	0	0
3	1112	1132	VGGWAMtSkCMHmGAHGMYG	3:1366:1382;0:1553:1573;3:1399:1418;3:1112:1131;2:309:324	0	0	0	1	1	0	1
3	1132	1144	gTAGCGcSKBRT	.	1	1	0	0	1	0	1
3	1144	1156	DyYDSKRTAGSY	.	6	1	0	1	1	1	1
3	1156	1170	AMRsMADWMHCrCT	.	1	1	1	0	1	0	0
3	1170	1188	CYYCDAVCCGGTNsSAMG	3:118:129;3:1170:1187;3:753:772;0:14:24;1:701:722;2:738:752;4:1519:1532	5	1	0	1	1	0	0
3	1188	1205	kMSTYWGtCWKCGMYAK	2:1173:1183;0:369:381;1:1440:1451;3:738:752;2:1028:1048;3:1188:1204	9	0	1	1	0	1	0
3	1205	1218	SGGMATAVAGWAW	4:253:270;3:165:182;3:1205:1217;3:428:444	0	1	0	0	1	1	1
3	1218	1238	gTGGKAgWCSGYGKYRAYAR	3:1218:1237;1:1483:1499;1:1415:1426;4:1364:1376;3:296:317;4:1443:1458;0:550:561	9	0	0	0	1	0	0
3	1238	1260	WWAWwWYDATRWCCSSmCMSTS	.	2	1	1	1	1	0	0
3	1260	1280	RARMSCCTSTvCVACMWGGW	3:1260:1279;1:539:560;2:628:638;3:130:144;0:192:213;2:1368:1385	4	1	0	1	1	1	0
3	1280	1296	RCNcyRYKTAAWATGG	1:1120:1140;3:1280:1295;0:1351:1369;3:1017:1035;1:364:381	1	1	0	1	1	1	0
3	1296	1311	hdAKGAGRDWASAKg	.	5	0	0	1	1	0	0
3	1311	1324	SRTATACTGKaWW	3:1431:1442;3:1311:1323;1:1043:1061;0:667:684;2:401:416;3:266:278;1:1349:1360	2	1	0	1	1	0	1
3	1324	1337	CsNMSNwRKATka	.	7	1	1	1	0	1	1
3	1337	1352	kRSBYTSRTRGCGKA	3:1337:1351;4:1059:1078;4:596:612;0:1430:1442;2:1529:1544;4:1459:1480	5	0	0	0	1	1	0
3	1352	1366	CRaTGmCACRCRCA	.	4	1	0	1	1	1	1
3	1366	1383	VGGWAMtSCHmGAHGYG	3:1366:1382;0:1553:1573;3:1399:1418;3:1112:1131;2:309:324	1	1	1	0	0	0	0
3	1383	1399	WKNAMySRWgATAMBC	.	3	1	0	1	0	0	0
3	1399	1419	VGGWAMtSkCMHmGAHGMYG	3:1366:1382;0:1553:1573;3:1399:1418;3:1112:1131;2:309:324	9	1	1	0	1	0	0
3	1419	1431	SWMRRGAATtGY	.	6	0	1	0	0	0	0
3	1431	1443	SRTATASCGaWW	3:1431:1442;3:1311:1323;1:1043:1061;0:667:684;2:401:416;3:266:278;1:1349:1360	5	0	0	1	1	1	0
3	1443	1462	AAYCCKTgYRWGGWWYKK	3:1443:1461;0:1212:1225;2:708:723;2:417:429;3:722:737	2	0	0	1	1	0	1
3	1462	1481	RrWtGAMTTGTTRNWDTYA	.	0	0	0	0	0	0	0
3	1481	1497	KCYCCYaTCCWCgSGN	.	8	0	0	0	0	1	1
3	1497	1514	KvKATVTArSTCCVTAT	.	1	1	0	0	0	0	0
3	1514	1533	MBKAAAMTMWgmWGAAGGM	.	3	1	0	1	1	0	0
3	1533	1547	YbRCAKHNRTYATN	.	6	0	0	0	0	0	0
3	1547	1562	AAWtWWKDCKRCYGC	4:1111:1132;4:1096:1110;1:1361:1380;2:1235:1246;3:62:76;3:389:410;3:1547:1561	1	1	0	0	1	1	0
3	1562	1577	MKMCWMSmSgkSAGA	.	4	1	1	0	0	1	0
3	1577	1598	CCRCYAkBGRCWCAYSGCGk	4:164:180;3:216:228;1:511:526;0:778:793;2:551:564;3:1577:1597	4	1	0	0	0	1	0
4	0	17	TMTTGTWrCTCAGkGaR	.	8	1	1	0	0	1	1
4	17	29	AAbWwMCMBRWY	.	0	0	1	0	0	1	0
4	29	40	YASTMTTSCRT	.	1	0	1	0	0	1	1
4	40	57	VKCSGTACWRRmGACGR	.	4	1	0	0	0	1	1
4	57	76	AWCHYACACCACMsWTGWS	.	9	0	0	1	1	1	1
4	76	87	MMSCCYGYCAA	1:790:807;1:290:311;1:1190:1203;1:820:841;4:76:86;1:652:664;2:203:224	7	0	1	1	0	0	1
4	87	101	cKYGbCYrgCWCMT	.	5	1	0	1	0	0	0
4	101	120	WaTwKAATSKBAGTHGBCA	.	5	0	1	0	1	1	1
4	120	137	MAMAAYRYVRATTCGTG	.	1	1	1	0	0	1	0
4	137	153	TSNTCKTKCGATAyMT	.	1	1	1	1	0	1	0
4	153	164	CVNTTCCTYDS	.	4	0	0	1	0	1	0
4	164	181	CCRAkBGCWCAYSGCGk	4:164:180;3:216:228;1:511:526;0:778:793;2:551:564;3:1577:1597	3	1	0	0	1	1	0
4	181	197	GCADWSATRrDWKTMR	4:181:196;1:1513:1532;2:1074:1087;4:1180:1190;0:826:837	1	1	1	0	1	0	1
4	197	213	CvMTAYTWTKYDyGGr	.	7	1	1	1	1	1	0
4	213	225	CGCKTCWWYKcC	0:727:744;1:1086:1097;1:590:611;2:616:627;1:776:789;2:1119:1135;4:213:224	2	1	0	0	0	0	1
4	225	241	YGTTAGCGHGcTSRaT	.	1	0	0	0	0	1	0
4	241	253	TVCMCAWCTWKS	3:318:331;0:650:666;4:421:441;2:1405:1423;4:241:252;2:970:990;0:1463:1477	1	1	0	0	1	1	1
4	253	271	SGGGMATYAVAGATWAW	4:253:270;3:165:182;3:1205:1217;3:428:444	5	1	0	1	0	0	0
4	271	282	yRHWYYGAYTM	0:761:777;2:464:478;4:271:281;2:379:400	5	1	0	0	1	1	1
4	282	298	CAWwWTKYHtNSCASw	.	0	0	1	0	0	1	1
4	298	318	cWbCyGStKVGKGSGGTTG	0:1111:1121;4:719:736;1:1153:1170;2:1049:1062;4:298:317;1:345:363;4:987:1002	5	1	1	1	0	1	1
4	318	332	AGSCTCTSCKBMcW	.	8	1	0	1	1	1	1
4	332	349	WGGTMTANWCYYAYGWK	.	9	1	1	0	1	1	1
4	349	365	KYhCTAMCCGHMYTCc	.	0	0	0	0	0	1	1
4	365	383	GCGNDtCMSSGGMABBGR	.	6	0	1	1	1	1	0
4	383	399	ATWCBMAyTGCSCWYM	.	1	0	0	1	0	0	0
4	399	421	AAAMKGgCGDTYSSYKAcMMC	4:399:420;3:904:915;4:891:908;3:31:46;0:1370:1382	0	0	0	1	0	1	1
4	421	442	TVCMCVCAYWCTWaKYSCSW	3:318:331;0:650:666;4:421:441;2:1405:1423;4:241:252;2:970:990;0:1463:1477	7	0	0	1	1	1	1
4	442	453	TVCMCVCAYWCTWaKYSCSW	.	3	0	0	0	0	1	0
4	453	465	AGBTCSTYTTMA	4:453:464;0:299:310;3:279:295;2:1063:1073	6	0	0	1	1	1	0
4	465	480	RGaVAgVKDGCcGKG	.	6	0	0	1	1	0	1
4	480	494	HYCTAMRGGRYTWK	4:480:493;4:909:923;2:1545:1556;0:109:121;2:511:528;0:1079:1097;1:216:227	1	0	1	0	1	1	0
4	494	507	sGDCtGWDSgATG	4:613:633;1:1262:1283;0:1402:1417;4:1248:1261;4:494:506	1	0	1	0	1	1	0
4	507	522	GWGCTWAMCTYNTGR	.	1	0	0	1	0	0	0
4	522	543	MDGMGDtCKTTCCTGANGVSS	.	4	1	1	1	0	0	1
4	543	561	MTMMAWKWRCCAaCsaWa	2:880:897;3:564:576;1:637:651;1:1297:1313;4:543:560;2:540:550;0:861:880	8	1	0	0	0	0	0
4	561	581	AHHTTRGtKVKMnTTGAKTA	.	9	1	0	1	1	0	0
4	581	596	SKNANCMCWCvTSAa	4:737:753;0:96:108;4:581:595;1:1284:1296	0	0	0	1	0	0	0
4	596	613	kcRCSYTCSARTGCSKA	3:1337:1351;4:1059:1078;4:596:612;0:1430:1442;2:1529:1544;4:1459:1480	1	0	1	1	0	1	1
4	613	634	sGGYWDCtGRrWADSgCATTG	4:613:633;1:1262:1283;0:1402:1417;4:1248:1261;4:494:506	3	1	0	0	0	1	1
4	634	654	TwYWsGGTWTTaYMKaKwYT	.	6	0	0	1	1	1	0
4	654	672	ATYCKATTYtTrCWTGCN	1:275:289;1:249:261;4:654:671;1:1394:1414	1	1	1	0	0	1	0
4	672	686	AMCSSRTGWNYRDW	.	5	1	0	1	1	1	0
4	686	705	SsTcSyDMDTARRKYASYW	.	5	1	0	1	0	0	1
4	705	719	TYHSSCWTKCMMYV	.	8	0	1	0	1	1	0
4	719	737	cWbCyGSKVGKGSGGTTG	0:1111:1121;4:719:736;1:1153:1170;2:1049:1062;4:298:317;1:345:363;4:987:1002	7	1	1	0	1	0	0
4	737	754	SVKNANCMCWCvTSAa	4:737:753;0:96:108;4:581:595;1:1284:1296	3	1	0	0	1	1	1
4	754	773	BGSTTNKKGRWAGGMGVBA	.	1	1	1	1	1	0	0
4	773	787	DkCGARRHCcRHKK	.	6	0	0	0	1	0	0
4	787	803	GVWtASwKACcGTSRY	.	6	0	0	1	0	0	1
4	803	822	SAGMTWRCYCVYASDCGKD	0:1574:1592;1:1004:1022;2:650:670;4:803:821	7	1	1	0	0	0	1
4	822	836	YCSACCYHNGMWAG	.	4	1	1	1	1	1	0
4	836	856	MDTRKSTGWRYMRCYgCKHV	.	6	0	1	1	1	1	1
4	856	873	SCKCRVTKCAYCWYCTG	.	1	0	0	0	0	0	1
4	873	891	MGSKsRWAANGCBBMCYM	.	5	1	1	0	1	1	1
4	891	909	AAAMGgCGDTYSSYAcMC	4:399:420;3:904:915;4:891:908;3:31:46;0:1370:1382	6	1	1	1	0	1	1
4	909	924	HYBCTAGGRWGYTWK	4:480:493;4:909:923;2:1545:1556;0:109:121;2:511:528;0:1079:1097;1:216:227	9	0	0	0	0	0	1
4	924	946	KtKGYCTNTSMYCTAAACGGVS	.	8	0	1	0	1	1	0
4	946	963	kCYMWGVNGTTACSMcC	2:113:133;0:595:609;3:658:673;2:99:112;4:946:962	4	0	1	0	1	1	1
4	963	976	HMARGKdYTyKRC	.	2	1	0	1	1	1	1
4	976	987	CTGTSMYaRbK	0:56:74;4:976:986;3:482:502;0:849:860;1:466:477;2:294:308	3	0	0	1	1	1	0
4	987	1003	WbyGStKVGKGSGGTT	0:1111:1121;4:719:736;1:1153:1170;2:1049:1062;4:298:317;1:345:363;4:987:1002	7	0	1	0	1	1	0
4	1003	1017	GAWRCMKCCgCACK	.	5	1	0	0	0	1	1
4	1017	1031	GcGYTKGgWMGAST	.	7	0	0	1	1	0	1
4	1031	1043	SGGGtWATcSBW	.	9	0	1	0	0	0	0
4	1043	1059	RGKAYVKKSGKVdWCM	.	3	1	0	0	1	0	0
4	1059	1079	kcRRCSBYTCARTRGCGSKA	3:1337:1351;4:1059:1078;4:596:612;0:1430:1442;2:1529:1544;4:1459:1480	6	1	1	1	1	0	1
4	1079	1096	cGKRAKMKHKYMTSSCa	.	7	1	1	0	1	1	1
4	1096	1111	AWCMWKDCRTYGCWn	4:1111:1132;4:1096:1110;1:1361:1380;2:1235:1246;3:62:76;3:389:410;3:1547:1561	1	1	1	1	0	1	1
4	1111	1133	AAWtCMWWKDCKRCTTYGCWn	4:1111:1132;4:1096:1110;1:1361:1380;2:1235:1246;3:62:76;3:389:410;3:1547:1561	9	0	0	1	1	0	0
4	1133	1146	KDGvWCAGKKGMs	.	0	0	0	0	0	0	0
4	1146	1159	CBVaWKCGACGgK	3:705:721;2:1006:1027;3:1093:1111;0:153:166;3:77:91;4:1146:1158	9	1	1	0	1	1	1
4	1159	1180	KKGKGTMSKtBSyGvCSNkgH	.	4	1	0	0	1	0	1
4	1180	1191	GAWSATRrDKC	4:181:196;1:1513:1532;2:1074:1087;4:1180:1190;0:826:837	8	1	0	0	0	1	0
4	1191	1206	GAWSATRrDKC	.	8	1	1	1	0	0	0
4	1206	1221	SRCYaDYAAAyYSAM	.	5	1	1	0	1	0	0
4	1221	1237	CCCRMtRHATTMTATY	.	8	0	1	1	1	0	1
4	1237	1248	CCCRMtRHATTMTATY	.	0	1	1	1	1	1	1
4	1248	1262	sGGYWCtGRASCTG	4:613:633;1:1262:1283;0:1402:1417;4:1248:1261;4:494:506	2	0	1	0	0	1	0
4	1262	1275	KKAYSTcAGKAGS	.	0	0	0	1	1	1	1
4	1275	1294	RBgMTcGAdtKKBMGSGSB	.	7	1	1	1	1	1	1
4	1294	1313	SrrCYSSGTCKCgTYGGYC	.	3	1	1	1	0	0	1
4	1313	1331	WcttSCSAVGKYHHGCMW	.	0	0	0	1	1	0	0
4	1331	1353	ACVCCAGMRSGSGAYTCWTCTT	.	7	1	1	0	1	0	0
4	1353	1364	AKTGGAGCSRB	.	0	1	0	1	1	0	0
4	1364	1377	gGAgCGYGKYRYA	3:1218:1237;1:1483:1499;1:1415:1426;4:1364:1376;3:296:317;4:1443:1458;0:550:561	5	1	0	1	1	1	1
4	1377	1392	CAcCCYCaWSKgRHM	.	1	1	1	0	0	0	1
4	1392	1410	WYCMCGCRNGAMSYWDAT	.	2	0	0	0	0	1	1
4	1410	1423	KYKTKaNYMKTvK	.	6	0	1	1	0	1	1
4	1423	1443	yyBWKWARGRTcBATRAACS	.	7	0	0	1	0	1	1
4	1443	1459	gTGGKAWCSGYKRYRT	3:1218:1237;1:1483:1499;1:1415:1426;4:1364:1376;3:296:317;4:1443:1458;0:550:561	4	1	0	1	0	0	0
4	1459	1481	kcRRCSBYTCSARTRGCGSKA	3:1337:1351;4:1059:1078;4:596:612;0:1430:1442;2:1529:1544;4:1459:1480	3	1	0	0	0	1	1
4	1481	1501	YCayRAWTAANCVrTACaAC	.	1	0	1	0	1	0	0
4	1501	1519	KGcAmTVAGMAAADSRSM	.	5	1	0	1	1	0	0
4	1519	1533	CYCDAVCAGTNSAG	3:118:129;3:1170:1187;3:753:772;0:14:24;1:701:722;2:738:752;4:1519:1532	6	0	0	0	0	1	1
4	1533	1548	GcYKcCATKCTWGsa	.	7	0	1	0	0	0	0
4	1548	1559	WKGARAWRaWR	.	1	0	1	1	0	0	0
4	1559	1580	GCGgTSMSYMGCCARGTRRCG	.	5	0	1	1	0	1	0
4	1580	1592	ARMTWCVCAGgA	.	3	0	1	0	0	0	1
